{
  "accuracy": 0.9013729977116705,
  "precision": 0.8961156278229448,
  "recall": 0.9080091533180779,
  "f1": 0.9020231870879746,
  "roc_auc": 0.9669976802517686
}