{"0": {"cs_15": [1.096774193548387, 4.749419885345138], "gold_15": [951.1935483870968, 568.6147740696882], "xp_15": [148.8709677419355, 525.0801044879079], "early_cs_total": [0.6129032258064516, 2.4722111473313206], "laneMinionsFirst10Minutes": [0.6129032258064516, 2.4722111473313206], "jungleCsBefore10Minutes": [0.0, 0.0], "goldPerMinute": [263.36511627766214, 90.10927751761268], "damagePerMinute": [70.95501100790071, 130.17542966728982], "visionScorePerMinute": [0.08258146752745403, 0.2069544402456071], "kda": [0.13405017921146953, 0.41277875463591085], "kda_norm": [0.04838709677419355, 0.19810934311121473], "killParticipation": [0.04939516129032258, 0.18501375820680588], "soloKills": [0.0, 0.0], "vision_norm": [0.06974716652136008, 0.2500327900140699], "controlWardsPlaced": [0.03225806451612903, 0.17960530202677497], "wardTakedowns": [0.22580645161290322, 0.8835412617927487], "wardTakedownsBefore20M": [0.12903225806451613, 0.7184212081070999], "skillshotsDodged": [1.967741935483871, 8.4989562926583], "skillshotsHit": [0.6451612903225806, 2.0091189959245686], "longestTimeSpentLiving": [64.09677419354838, 210.43531941172327], "death_rate": [0.6451612903225806, 1.8357266880225607]}, "BOTTOM": {"cs_15": [100.82490813387625, 22.63912324889973], "gold_15": [5522.63010229417, 1267.8123570147493], "xp_15": [4985.897457542954, 938.681255454693], "early_cs_total": [61.115515443452104, 14.745230525352188], "laneMinionsFirst10Minutes": [61.074734333101595, 14.741049192714042], "jungleCsBefore10Minutes": [0.04078111035050246, 0.38646599119871383], "goldPerMinute": [464.21609765577705, 94.67722116960563], "damagePerMinute": [825.4548800471185, 373.65285248871027], "visionScorePerMinute": [0.6792397699384427, 0.2898500145246525], "kda": [3.4011654103254756, 3.5770731740916086], "kda_norm": [0.4295413005110862, 0.3761087688210602], "killParticipation": [0.471422751533534, 0.17238023193791494], "soloKills": [0.7572251464892243, 1.2073189292520508], "vision_norm": [0.10894200690360904, 0.1627189165091755], "controlWardsPlaced": [0.8735723507796206, 1.363113321209212], "wardTakedowns": [3.4760154930976266, 3.201365629258358], "wardTakedownsBefore20M": [1.9702552388519217, 1.9104080664580427], "skillshotsDodged": [36.23373721322872, 38.541755172000904], "skillshotsHit": [49.54588340450889, 66.54266608186902], "longestTimeSpentLiving": [545.5575032277287, 279.9981466101926], "death_rate": [5.797000695203098, 3.3260827680661125]}, "JUNGLE": {"cs_15": [88.72749838653627, 19.515867682052033], "gold_15": [5454.589683761108, 1122.2217054300068], "xp_15": [5518.083602243955, 1089.1760968338865], "early_cs_total": [62.36601804960202, 13.552623961037618], "laneMinionsFirst10Minutes": [2.8539442982673884, 3.1675821711389935], "jungleCsBefore10Minutes": [59.51207375133463, 13.065150200155687], "goldPerMinute": [433.2379901524437, 77.46816798181823], "damagePerMinute": [651.4446497390999, 306.61518318646716], "visionScorePerMinute": [1.0079449257067497, 0.37445150399845634], "kda": [4.162527243204809, 4.402853547216073], "kda_norm": [0.5471271454430975, 0.3777575126730101], "killParticipation": [0.5038159282492172, 0.1715014066858399], "soloKills": [1.200963113736782, 1.545819910433193], "vision_norm": [0.2974400077874908, 0.2385991004703741], "controlWardsPlaced": [2.7126048751427296, 2.5950242790668727], "wardTakedowns": [4.185970312267289, 3.5519000832906893], "wardTakedownsBefore20M": [2.3031326018964404, 1.9805813362223554], "skillshotsDodged": [30.250111701335452, 34.29347308974231], "skillshotsHit": [16.506875837760017, 21.40731187173323], "longestTimeSpentLiving": [575.4339969220076, 304.2273627623699], "death_rate": [5.287196544705357, 3.2434987868571086]}, "MIDDLE": {"cs_15": [100.2426620312888, 23.83301352515105], "gold_15": [5110.217879314626, 1082.3030865021697], "xp_15": [6718.856915818227, 1216.8602115893361], "early_cs_total": [70.06884529451474, 16.54425818006122], "laneMinionsFirst10Minutes": [69.96528433076732, 16.52774702317964], "jungleCsBefore10Minutes": [0.10356096374742856, 0.5451791983414453], "goldPerMinute": [408.77195575746805, 75.36646105513674], "damagePerMinute": [789.8540112169273, 317.3260201893338], "visionScorePerMinute": [0.7423684970932792, 0.3070435104958834], "kda": [3.252060425100059, 3.6324431778184496], "kda_norm": [0.39415768463690837, 0.3818299109264865], "killParticipation": [0.41500100499246123, 0.1664904265516612], "soloKills": [2.009088651601689, 2.3034576604835726], "vision_norm": [0.14031681894810022, 0.1682735647408383], "controlWardsPlaced": [1.5332008939657313, 1.80255598139877], "wardTakedowns": [2.5304693320089395, 2.608745988116928], "wardTakedownsBefore20M": [1.3225229699528185, 1.539221598952132], "skillshotsDodged": [33.34715669232679, 38.710724399144716], "skillshotsHit": [37.60938664017879, 46.78813389975759], "longestTimeSpentLiving": [559.312143034517, 298.4643001621697], "death_rate": [5.601191954308418, 3.3712653688784653]}, "TOP": {"cs_15": [96.003873659118, 24.362150211811457], "gold_15": [4943.747467222885, 1138.8007742883665], "xp_15": [7136.150923718713, 1494.8528889126783], "early_cs_total": [65.92024483514545, 16.79080179936968], "laneMinionsFirst10Minutes": [65.81182955899881, 16.764007144624564], "jungleCsBefore10Minutes": [0.10841527614664075, 0.5741556041563247], "goldPerMinute": [402.891716419003, 79.4138984437763], "damagePerMinute": [784.4427677271734, 320.78958142545395], "visionScorePerMinute": [0.7313104125290179, 0.2976681447196759], "kda": [2.6044963099646323, 3.020060534012407], "kda_norm": [0.2890132309871836, 0.36799446810411673], "killParticipation": [0.34536703480553543, 0.16235133660735143], "soloKills": [2.419994040524434, 2.5330897830482844], "vision_norm": [0.13538291078735287, 0.16975332779746427], "controlWardsPlaced": [0.8734108065156932, 1.338811932240127], "wardTakedowns": [2.141636869288836, 3.6848137104734864], "wardTakedownsBefore20M": [1.0715633690901867, 2.808920809755515], "skillshotsDodged": [29.289580850218513, 38.32576404227975], "skillshotsHit": [15.922576479936433, 23.353134156485893], "longestTimeSpentLiving": [542.4743742550655, 297.92939073924634], "death_rate": [5.7613230035756855, 3.402470058777639]}, "UTILITY": {"cs_15": [19.441128271341313, 7.898399006859375], "gold_15": [4006.089040075483, 794.9497348994112], "xp_15": [3944.9113075433283, 788.2005059779656], "early_cs_total": [13.821614441131596, 5.710669563375769], "laneMinionsFirst10Minutes": [13.762377712668222, 5.693877521286306], "jungleCsBefore10Minutes": [0.05923672846337206, 0.44475611760283373], "goldPerMinute": [308.80202291835246, 50.39336527083557], "damagePerMinute": [430.88576858614357, 226.6065661655388], "visionScorePerMinute": [2.3957916506840062, 0.8665961483889225], "kda": [3.707895225036663, 4.0737676970534045], "kda_norm": [0.46950479992268995, 0.3754357583049108], "killParticipation": [0.5119758830294507, 0.16951666704190008], "soloKills": [0.33247256294383476, 0.7577272501188388], "vision_norm": [0.9611415899676686, 0.17559411065640823], "controlWardsPlaced": [5.040174802602175, 4.297076198419177], "wardTakedowns": [7.096886328648756, 5.012043375987622], "wardTakedownsBefore20M": [4.416199036599295, 2.9454789153271386], "skillshotsDodged": [39.71867706212445, 43.91971045788278], "skillshotsHit": [32.83443412623529, 39.1748193127318], "longestTimeSpentLiving": [529.8773898793266, 282.6094072913559], "death_rate": [5.968466007846253, 3.5360323566005474]}}